{
  "50": {
    "mean_time": 0.009830522537231445,
    "std_time": 0.003555857369800771,
    "min_time": 0.007591962814331055,
    "max_time": 0.01692485809326172,
    "time_per_residue": 0.00019661045074462888
  },
  "100": {
    "mean_time": 0.010440587997436523,
    "std_time": 0.0005152206407623737,
    "min_time": 0.009750604629516602,
    "max_time": 0.011312007904052734,
    "time_per_residue": 0.00010440587997436524
  },
  "200": {
    "mean_time": 0.014087963104248046,
    "std_time": 0.0006885577007503704,
    "min_time": 0.013384103775024414,
    "max_time": 0.015366077423095703,
    "time_per_residue": 7.043981552124023e-05
  }
}